strategy,n_valid,exact_match,avg_similarity
minimal,1425,0.08140350877192983,0.6090269031949768
instruction,1425,0.08070175438596491,0.6094333222375093
cot,1425,0.08070175438596491,0.6119153184444887
answer_format,1425,0.08070175438596491,0.6101368093837608
few_shot,1425,0.08,0.7414675673274252
